新題號,原題號,大分類,局部區域,圖片,原始正解,排列理由,圖片已核對,前題原題號,後題原題號,圖片SHA256
001,038,背部,頸背與枕下交界,4e88b75856d5175f6e91.jpg,trapezius,圖中指認頸背表層斜方肌、頭頸夾肌與更深的頭半棘肌，保留同局部視野。,是,,128,4e88b75856d5175f6e910a83ae789c7d7a488abd9c7a77c7351acb0cf67874d4
002,128,背部,頸背與枕下交界,b00aa3fa24fba0de597d.jpg,splenius capitis,圖中指認頸背表層斜方肌、頭頸夾肌與更深的頭半棘肌，保留同局部視野。,是,038,095,b00aa3fa24fba0de597deaad1dbc9ee50c7b5046c3002d285360cc2229d8798f
003,095,背部,頸背與枕下交界,be59217d5fe6f589f307.jpg,splenius cervicis,圖中指認頸背表層斜方肌、頭頸夾肌與更深的頭半棘肌，保留同局部視野。,是,128,200,be59217d5fe6f589f30737eb586797be4289de1bfdb6fe4d3cd6554b792fb97e
004,200,背部,頸背與枕下交界,c5f3318089cab0d56659.gif,semispinalis capitis,圖中指認頸背表層斜方肌、頭頸夾肌與更深的頭半棘肌，保留同局部視野。,是,095,109,c5f3318089cab0d5665970fdf1fb3f180c036e6d785e99edd9e7e50d10a9c82f
005,109,背部,上胸背與深背肌,c66962852afaa3070e0b.jpg,serratus posterior superior,由上胸背進入脊柱旁；棘肌、最長肌、髂肋肌及深層迴旋肌以相鄰肌柱集中。,是,200,120,c66962852afaa3070e0b9e8fe821c134146ca544b50cd05c44570ca4d8bd8e01
006,120,背部,上胸背與深背肌,7cb46b20b95bf865b359.jpg,semispinalis thoracis,由上胸背進入脊柱旁；棘肌、最長肌、髂肋肌及深層迴旋肌以相鄰肌柱集中。,是,109,097,7cb46b20b95bf865b35947c46628981bfcbe50a0b1b87649d4ddd88bfdc7441b
007,097,背部,上胸背與深背肌,011be781eb2e058b6135.jpg,spinalis thoracis,由上胸背進入脊柱旁；棘肌、最長肌、髂肋肌及深層迴旋肌以相鄰肌柱集中。,是,120,154,011be781eb2e058b6135b027c51cc2591afe8352a8da1714f51d8c20894aa25f
008,154,背部,上胸背與深背肌,946ca86bba8a5faf237f.jpg,longissimus,由上胸背進入脊柱旁；棘肌、最長肌、髂肋肌及深層迴旋肌以相鄰肌柱集中。,是,097,064,946ca86bba8a5faf237f258f406522730609486728f7d327c64409725686c5a5
009,064,背部,上胸背與深背肌,0b8f58b78fec25650430.jpg,iliocostalis,由上胸背進入脊柱旁；棘肌、最長肌、髂肋肌及深層迴旋肌以相鄰肌柱集中。,是,154,144,0b8f58b78fec25650430806e1cb76629018ecfd30b13f99c32750b60eb09a029
010,144,背部,上胸背與深背肌,ef6c1e0cf12c811d1bab.jpg,rotatores longus,由上胸背進入脊柱旁；棘肌、最長肌、髂肋肌及深層迴旋肌以相鄰肌柱集中。,是,064,096,ef6c1e0cf12c811d1bab90265a065abbd2e423bc37ecea6a5cf14e235fcfd883
011,096,背部,下胸背與腰背,c738845ca998240ae6d7.jpg,serratus posterior inferior,圖中指認下位肋骨附近的下後鋸肌與覆蓋下胸、腰背的背闊肌。,是,144,157,c738845ca998240ae6d769a2d3b3a9befa68f9fe34a97bf2c8a47ed72a752bf4
012,157,背部,下胸背與腰背,f2e5063927bb8be95b3a.jpg,latissimus dorsi,圖中指認下位肋骨附近的下後鋸肌與覆蓋下胸、腰背的背闊肌。,是,096,040,f2e5063927bb8be95b3a081d005d0a220acd72531c0cdc37d593bcd776e01e6f
013,040,背部,腰骶椎管,9bc46f495bad601f5ffa.jpg,conus medullaris,先脊髓圓錐，再向尾側延續的馬尾。,是,157,039,9bc46f495bad601f5ffab180d0f8267f0e98b8461409245652860fa82cee2a6a
014,039,背部,腰骶椎管,b0bdf04cbdef53423721.jpg,cauda equina,先脊髓圓錐，再向尾側延續的馬尾。,是,040,,b0bdf04cbdef5342372138aafa8231cf2386bd8770893466856f2850f66ae931
015,026,上肢,肩胛內側緣,39c022ffc0cfb1d24bd9.jpg,levator scapulae,肩胛內側緣由上角向下，肩胛提肌、小菱形肌、大菱形肌與沿內側緣走行的血管相鄰。,是,,138,39c022ffc0cfb1d24bd93e69a08a7e0359938481cffe4411d300e72ff8c6d896
016,138,上肢,肩胛內側緣,0d9d6c6a59ad3e7ede8c.jpg,rhomboid minor,肩胛內側緣由上角向下，肩胛提肌、小菱形肌、大菱形肌與沿內側緣走行的血管相鄰。,是,026,025,0d9d6c6a59ad3e7ede8caefea8d8c5b0f85e36b7d4b582b1c59f0671b0341dde
017,025,上肢,肩胛內側緣,4bde0793c68c25be1cc7.jpg,rhomboid major,肩胛內側緣由上角向下，肩胛提肌、小菱形肌、大菱形肌與沿內側緣走行的血管相鄰。,是,138,167,4bde0793c68c25be1cc7431b2e4ebfb2626a31b5bd52d43a0266953a14cfb389
018,167,上肢,肩胛內側緣,83a3dc621518e4c7db46.jpg,dorsal scapular a.,肩胛內側緣由上角向下，肩胛提肌、小菱形肌、大菱形肌與沿內側緣走行的血管相鄰。,是,025,022,83a3dc621518e4c7db46d10f334c16c2bd1f0b283f9d64c2b8c880b8b452e74e
019,022,上肢,肩胛切跡與棘上窩,996f5dd796a5498bca78.jpg,superior transverse scapular lig.,肩胛切跡的韌帶與神經相鄰，接棘上肌，再跨區域標籤連續到棘下肌與肩後側旋轉肌。,是,167,184,996f5dd796a5498bca78c3763cbc8dce5c7f8cca5c0b3e877c86c5a91d00a33b
020,184,上肢,肩胛切跡與棘上窩,5f8e393186d16ebf3449.jpg,suprascapular n.,肩胛切跡的韌帶與神經相鄰，接棘上肌，再跨區域標籤連續到棘下肌與肩後側旋轉肌。,是,022,023,5f8e393186d16ebf344971e210ac8a671bfcf57cf13537b18bfd7dcb9e635cb3
021,023,上肢,肩胛切跡與棘上窩,745b7ed1b4c3d9aeb2cd.jpg,supraspinatus,肩胛切跡的韌帶與神經相鄰，接棘上肌，再跨區域標籤連續到棘下肌與肩後側旋轉肌。,是,184,191,745b7ed1b4c3d9aeb2cdce06493e9f3a88bbf9d00306bb4e159ec6028757db98
022,191,上肢,肩關節後側與三角肌區,77e905cae048f4e2b8de.jpg,infraspinatus,棘下肌、小圓肌、腋神經兩張圖與三角肌，按肩後側／四邊孔周邊位置集中。,是,023,104,77e905cae048f4e2b8de7b1d179fa1bf74f2c36dd6f77bc6eb4f6cc6f0f13fb3
023,104,上肢,肩關節後側與三角肌區,a4963843bd82529fb501.jpg,teres minor,棘下肌、小圓肌、腋神經兩張圖與三角肌，按肩後側／四邊孔周邊位置集中。,是,191,021,a4963843bd82529fb5018315059275dd9e25d33dcbab2010869424960cd61504
024,021,上肢,肩關節後側與三角肌區,501753dda7293984d725.jpg,axillary n.,棘下肌、小圓肌、腋神經兩張圖與三角肌，按肩後側／四邊孔周邊位置集中。,是,104,059,501753dda7293984d725c04b5d8f7159a6884fdbd2ae050c1188b89f01a0b5c4
025,059,上肢,肩關節後側與三角肌區,337097f3766ef1377f18.jpg,axillary n.,棘下肌、小圓肌、腋神經兩張圖與三角肌，按肩後側／四邊孔周邊位置集中。,是,021,024,337097f3766ef1377f18cdec1270e7aaf3a43618b6c19f7cfe7e0fab06e045ee
026,024,上肢,肩關節後側與三角肌區,6f403c2726e3cb8b0fb9.jpg,deltoid,棘下肌、小圓肌、腋神經兩張圖與三角肌，按肩後側／四邊孔周邊位置集中。,是,059,073,6f403c2726e3cb8b0fb921fcf5f8e6e408fcdf00b9c074b50fcaab3ed9681411
027,073,上肢,肩鎖與肩關節上方,bce84ef6f69e6fa9bc06.jpg,conoid lig.,喙鎖韌帶的錐狀、斜方部分集中，接喙肩韌帶與下一題關節上方的肱二頭肌長頭肌腱。,是,024,027,bce84ef6f69e6fa9bc0669a5b9e54a18322101732fc200a455a2ca9233d531c8
028,027,上肢,肩鎖與肩關節上方,de8c2f6faa6dbf993474.jpg,trapezoid lig.,喙鎖韌帶的錐狀、斜方部分集中，接喙肩韌帶與下一題關節上方的肱二頭肌長頭肌腱。,是,073,183,de8c2f6faa6dbf993474f6c4fc763de00846f00e67eeae35eeeeac06b88bbe58
029,183,上肢,肩鎖與肩關節上方,630b986c06c3f08bd041.jpg,coracoacromial lig.,喙鎖韌帶的錐狀、斜方部分集中，接喙肩韌帶與下一題關節上方的肱二頭肌長頭肌腱。,是,027,124,630b986c06c3f08bd041dedaa25590c6d1da5082a06299d435b9ce10636af8f3
030,124,上肢,肩關節前側與腋窩後壁,02fa037a4c127dde9c74.jpg,"tendon of biceps brachii, long head",長頭肌腱兩圖集中；肩胛下肌穿插其上、下神經與肩胛下動脈，接大圓肌兩圖、背闊肌腋窩附著與胸背神經。,是,183,198,02fa037a4c127dde9c74cdd4c6d7012fa2a6790b6612729654c6b802a263e886
031,198,上肢,肩關節前側與腋窩後壁,12be13293bc30826d323.jpg,"tendon of biceps brachii, long head",長頭肌腱兩圖集中；肩胛下肌穿插其上、下神經與肩胛下動脈，接大圓肌兩圖、背闊肌腋窩附著與胸背神經。,是,124,125,12be13293bc30826d323997edc5119cd2e034530be8430433234495f4eb416d2
032,125,上肢,肩關節前側與腋窩後壁,99887d6195fbde61ee90.jpg,subscapularis,長頭肌腱兩圖集中；肩胛下肌穿插其上、下神經與肩胛下動脈，接大圓肌兩圖、背闊肌腋窩附著與胸背神經。,是,198,053,99887d6195fbde61ee90621b4dfaceba0ee299f790c1c9ae6cba268ba484033e
033,053,上肢,肩關節前側與腋窩後壁,49f8c42a27959988aad2.jpg,upper subscapular n.,長頭肌腱兩圖集中；肩胛下肌穿插其上、下神經與肩胛下動脈，接大圓肌兩圖、背闊肌腋窩附著與胸背神經。,是,125,187,49f8c42a27959988aad21cb8c3730fa09ffd6a885d62d24fefeeb6ef71fe3671
034,187,上肢,肩關節前側與腋窩後壁,d54f225fa29796a90f87.jpg,lower subscapular n.,長頭肌腱兩圖集中；肩胛下肌穿插其上、下神經與肩胛下動脈，接大圓肌兩圖、背闊肌腋窩附著與胸背神經。,是,053,189,d54f225fa29796a90f8746b04476ef44f04865cf1d6e1bf30e229c8dceb5e2b5
035,189,上肢,肩關節前側與腋窩後壁,13cab7bd3c599776d56b.jpg,subscapular a.,長頭肌腱兩圖集中；肩胛下肌穿插其上、下神經與肩胛下動脈，接大圓肌兩圖、背闊肌腋窩附著與胸背神經。,是,187,054,13cab7bd3c599776d56ba0ea2194edb1d45c63c3af575ba59c4d6d456c6169cd
036,054,上肢,肩關節前側與腋窩後壁,4d2d5305e577e1c63be6.jpg,teres major,長頭肌腱兩圖集中；肩胛下肌穿插其上、下神經與肩胛下動脈，接大圓肌兩圖、背闊肌腋窩附著與胸背神經。,是,189,169,4d2d5305e577e1c63be662960f38f9f6bbf9dd61f0988427efa76e667d69b5af
037,169,上肢,肩關節前側與腋窩後壁,52359dde454e46b10ec3.jpg,teres major,長頭肌腱兩圖集中；肩胛下肌穿插其上、下神經與肩胛下動脈，接大圓肌兩圖、背闊肌腋窩附著與胸背神經。,是,054,100,52359dde454e46b10ec3911533dc43f1974a9df7aafa250179bb96a95cb24f42
038,100,上肢,肩關節前側與腋窩後壁,7c0b69a9ed6a241eeb52.jpg,latissimus dorsi,長頭肌腱兩圖集中；肩胛下肌穿插其上、下神經與肩胛下動脈，接大圓肌兩圖、背闊肌腋窩附著與胸背神經。,是,169,052,7c0b69a9ed6a241eeb521dffb6d06fc6fb0c169f3df0c8d10e6944b1193f513d
039,052,上肢,肩關節前側與腋窩後壁,ce88dfbb4df92e93bcf8.jpg,thoracodorsal n.,長頭肌腱兩圖集中；肩胛下肌穿插其上、下神經與肩胛下動脈，接大圓肌兩圖、背闊肌腋窩附著與胸背神經。,是,100,164,ce88dfbb4df92e93bcf835837fc157f4a69010ce3c5c22a48158d07160b82a6e
040,164,上肢,胸肩前側與腋窩前內側壁,fc3d83c2e79579dc19ba.jpg,pectoralis major,胸大肌與三角胸肌溝頭靜脈相鄰；接胸小肌、胸肩峰與腋動脈，再前鋸肌與胸長神經。,是,052,163,fc3d83c2e79579dc19baf762266f46f4ed6019fda53ee3b2ceba955cad9a01e6
041,163,上肢,胸肩前側與腋窩前內側壁,48ccf0bb8f78a4e79bed.jpg,cephalic v.,胸大肌與三角胸肌溝頭靜脈相鄰；接胸小肌、胸肩峰與腋動脈，再前鋸肌與胸長神經。,是,164,150,48ccf0bb8f78a4e79bed8be2160fa5d0fd36b3127fe3c0f45828b33fe9d30134
042,150,上肢,胸肩前側與腋窩前內側壁,7bc25da625d145b2016b.jpg,pectoralis minor,胸大肌與三角胸肌溝頭靜脈相鄰；接胸小肌、胸肩峰與腋動脈，再前鋸肌與胸長神經。,是,163,088,7bc25da625d145b2016b797222e1f160db8edcc4307acc53c5e5799c7ee4d6b0
043,088,上肢,胸肩前側與腋窩前內側壁,d8025352edb57684eea7.jpg,thoracoacromial a.,胸大肌與三角胸肌溝頭靜脈相鄰；接胸小肌、胸肩峰與腋動脈，再前鋸肌與胸長神經。,是,150,149,d8025352edb57684eea76dfbac3c587e4f1063fe46918726ac37295d4c16cb1b
044,149,上肢,胸肩前側與腋窩前內側壁,2409d6af7bde74d48881.jpg,axillary a.,胸大肌與三角胸肌溝頭靜脈相鄰；接胸小肌、胸肩峰與腋動脈，再前鋸肌與胸長神經。,是,088,143,2409d6af7bde74d4888144f0f3e24882379f35df47ace92d5fe387b948bda884
045,143,上肢,胸肩前側與腋窩前內側壁,9b0cee219735d8e7fa4a.jpg,serratus anterior,胸大肌與三角胸肌溝頭靜脈相鄰；接胸小肌、胸肩峰與腋動脈，再前鋸肌與胸長神經。,是,149,018,9b0cee219735d8e7fa4a64130a0f76edd113baaa0332fea740ec6ff909b5c94e
046,018,上肢,胸肩前側與腋窩前內側壁,0de955442cf622d5a29e.jpg,long thoracic n.,胸大肌與三角胸肌溝頭靜脈相鄰；接胸小肌、胸肩峰與腋動脈，再前鋸肌與胸長神經。,是,143,020,0de955442cf622d5a29ebaba1acec0e25df1c021e643fe1a61fd5622cf86515d
047,020,上肢,腋窩至上臂前內側,1bb783533cc0c91f025e.jpg,median n.,圖中正中神經、肌皮神經在近端腋窩，連續進入喙肱肌、肱二頭肌與肱肌；肱動脈與貴要靜脈保留在上臂。,是,018,060,1bb783533cc0c91f025e3c3cc26fd75a125c90b65c5a8b0737bf3b878044ba5f
048,060,上肢,腋窩至上臂前內側,257e1a307c6359d90da0.jpg,musculocutaneous n.,圖中正中神經、肌皮神經在近端腋窩，連續進入喙肱肌、肱二頭肌與肱肌；肱動脈與貴要靜脈保留在上臂。,是,020,114,257e1a307c6359d90da037c64e4b73b329bc9caf59f651303a4cb2701b45f84b
049,114,上肢,腋窩至上臂前內側,770c46530d0e774084b7.jpg,coracobrachialis,圖中正中神經、肌皮神經在近端腋窩，連續進入喙肱肌、肱二頭肌與肱肌；肱動脈與貴要靜脈保留在上臂。,是,060,057,770c46530d0e774084b748bb097f6bc456ab26a42de061c95145a5cec2c3fe7f
050,057,上肢,腋窩至上臂前內側,d8353cb3335ad651d285.jpg,"biceps brachii, short head",圖中正中神經、肌皮神經在近端腋窩，連續進入喙肱肌、肱二頭肌與肱肌；肱動脈與貴要靜脈保留在上臂。,是,114,013,d8353cb3335ad651d2857a1816f879f4b2d1fddf17634bc874927d5c2f7da67c
051,013,上肢,腋窩至上臂前內側,018c5c00a637f947a7ab.jpg,"biceps brachii, long head",圖中正中神經、肌皮神經在近端腋窩，連續進入喙肱肌、肱二頭肌與肱肌；肱動脈與貴要靜脈保留在上臂。,是,057,051,018c5c00a637f947a7ab9f9a990923d2fc54a23bbbacbc8f0bb36b19adacec04
052,051,上肢,腋窩至上臂前內側,18a3a6b05ae9c87ab335.jpg,brachialis,圖中正中神經、肌皮神經在近端腋窩，連續進入喙肱肌、肱二頭肌與肱肌；肱動脈與貴要靜脈保留在上臂。,是,013,103,18a3a6b05ae9c87ab3358b7c53198fa1229cb837dc6e188abf280ec59764ea76
053,103,上肢,腋窩至上臂前內側,d9d21c5b82b117456352.jpg,brachial a.,圖中正中神經、肌皮神經在近端腋窩，連續進入喙肱肌、肱二頭肌與肱肌；肱動脈與貴要靜脈保留在上臂。,是,051,016,d9d21c5b82b1174563520399644b435786ab2239da3c46d2b3ddf0b555762d3c
054,016,上肢,腋窩至上臂前內側,bf354e1de4251f26d451.jpg,basilic v.,圖中正中神經、肌皮神經在近端腋窩，連續進入喙肱肌、肱二頭肌與肱肌；肱動脈與貴要靜脈保留在上臂。,是,103,196,bf354e1de4251f26d45151213caad2255f89c2fec61d0db3ebf740f553b33b22
055,196,上肢,上臂後側,b3dfa8e9cb8a242a47b2.jpg,"triceps brachii, long head",肱三頭肌各頭集中；肱深動脈兩圖與橈神經兩圖相鄰，保留腋窩至橈神經溝的連續走行。,是,016,015,b3dfa8e9cb8a242a47b2e3fc44fe7a09f9bae373d0222f282dd622c92585ff4c
056,015,上肢,上臂後側,c956071fe9f3a678264f.jpg,"triceps brachii, lateral head",肱三頭肌各頭集中；肱深動脈兩圖與橈神經兩圖相鄰，保留腋窩至橈神經溝的連續走行。,是,196,142,c956071fe9f3a678264fa9f79701ec51f5614225532ae24e174e30865974ac14
057,142,上肢,上臂後側,b7f5e2fb0d6dcbbe9123.jpg,"triceps brachii, medial head",肱三頭肌各頭集中；肱深動脈兩圖與橈神經兩圖相鄰，保留腋窩至橈神經溝的連續走行。,是,015,102,b7f5e2fb0d6dcbbe91231ea67edd627e32d2beb4c95b7769b36115d33b2cf47e
058,102,上肢,上臂後側,6336c0ad3e7560cab0c2.jpg,deep brachial a.,肱三頭肌各頭集中；肱深動脈兩圖與橈神經兩圖相鄰，保留腋窩至橈神經溝的連續走行。,是,142,195,6336c0ad3e7560cab0c24662c7c9a32080fb1038c382366ac84dc504ff17a4e7
059,195,上肢,上臂後側,3f2bd445851a2b474564.jpg,deep brachial a.,肱三頭肌各頭集中；肱深動脈兩圖與橈神經兩圖相鄰，保留腋窩至橈神經溝的連續走行。,是,102,055,3f2bd445851a2b47456424366fa7f8fd5337d621f6aced327f473f8bea3dbff0
060,055,上肢,上臂後側,101ecab1306202172bf9.jpg,radial n.,肱三頭肌各頭集中；肱深動脈兩圖與橈神經兩圖相鄰，保留腋窩至橈神經溝的連續走行。,是,195,148,101ecab1306202172bf98b51ed30dced6c10fb936f54b1f00950a12d862f68b7
061,148,上肢,上臂後側,546f674eb6c3a22da7d1.jpg,radial n.,肱三頭肌各頭集中；肱深動脈兩圖與橈神經兩圖相鄰，保留腋窩至橈神經溝的連續走行。,是,055,130,546f674eb6c3a22da7d183023f3d73aa62320bffb3a8073ff3a42f78015d0731
062,130,上肢,肘前區與肘外內側,ee238e4ec91e2bfebb89.jpg,median cubital v.,肘正中靜脈、旋前圓肌接近肘窩，再到旋後肌與橈骨頭環狀韌帶；肘側副韌帶和肘肌保留在同一肘區。,是,148,137,ee238e4ec91e2bfebb8982e75631243a2c462320a736b6765335f1b8c3d6ff17
063,137,上肢,肘前區與肘外內側,f8bc981c6c9ae6de63ea.jpg,pronator teres,肘正中靜脈、旋前圓肌接近肘窩，再到旋後肌與橈骨頭環狀韌帶；肘側副韌帶和肘肌保留在同一肘區。,是,130,115,f8bc981c6c9ae6de63ea8251e0fe3f8f7061def0ed7f313cc89ba4a42b964d6c
064,115,上肢,肘前區與肘外內側,a070f77d1b8027ff681a.jpg,supinator,肘正中靜脈、旋前圓肌接近肘窩，再到旋後肌與橈骨頭環狀韌帶；肘側副韌帶和肘肌保留在同一肘區。,是,137,077,a070f77d1b8027ff681a39c71deea541c7dcabdf0efbf861e9baf7c6340965c1
065,077,上肢,肘前區與肘外內側,4b7eab2693f44bbb2087.jpg,annular lig.,肘正中靜脈、旋前圓肌接近肘窩，再到旋後肌與橈骨頭環狀韌帶；肘側副韌帶和肘肌保留在同一肘區。,是,115,180,4b7eab2693f44bbb20876d320d1feb07a477edbf9eb3172016e3e0c09e5e6862
066,180,上肢,肘前區與肘外內側,fad474ed9d4f45fa3e41.jpg,radial collateral lig.,肘正中靜脈、旋前圓肌接近肘窩，再到旋後肌與橈骨頭環狀韌帶；肘側副韌帶和肘肌保留在同一肘區。,是,077,126,fad474ed9d4f45fa3e411214bac645ee6293460886b7e7451c39be06688e6bcf
067,126,上肢,肘前區與肘外內側,eb6fc32fa20ad204e8f2.jpg,anconeus,肘正中靜脈、旋前圓肌接近肘窩，再到旋後肌與橈骨頭環狀韌帶；肘側副韌帶和肘肌保留在同一肘區。,是,180,158,eb6fc32fa20ad204e8f257bc91b3a25296a63b41cf352fb3a0d20f0604135110
068,158,上肢,肘前區與肘外內側,bcd87df1ebbcda7dd491.jpg,ulnar collateral lig.,肘正中靜脈、旋前圓肌接近肘窩，再到旋後肌與橈骨頭環狀韌帶；肘側副韌帶和肘肌保留在同一肘區。,是,126,113,bcd87df1ebbcda7dd491929829805e895bddda038bd90d9f03de47417e7d4493
069,113,上肢,前臂前側,cee97b96cb91fc9edefe.jpg,flexor carpi radialis,橈側屈腕肌、掌長肌、淺屈指肌與尺側屈腕肌先保留表層連續性，再深屈指肌與拇長屈肌。,是,158,136,cee97b96cb91fc9edefe0d501e5c8e731e2141c5a4f96e6e54c0a3adaa0c2175
070,136,上肢,前臂前側,4c87faa49ed087114045.jpg,palmaris longus,橈側屈腕肌、掌長肌、淺屈指肌與尺側屈腕肌先保留表層連續性，再深屈指肌與拇長屈肌。,是,113,099,4c87faa49ed08711404595f44a860c7813b1d4047d8865fb1ce55857b601dce4
071,099,上肢,前臂前側,94ce252601a4a623e52c.jpg,flexor digitorum superficialis,橈側屈腕肌、掌長肌、淺屈指肌與尺側屈腕肌先保留表層連續性，再深屈指肌與拇長屈肌。,是,136,101,94ce252601a4a623e52c7da8c8eca43758dccdbcdd004d5925b69442eae5b37d
072,101,上肢,前臂前側,fc255554d1cf139720d6.jpg,flexor carpi ulnaris,橈側屈腕肌、掌長肌、淺屈指肌與尺側屈腕肌先保留表層連續性，再深屈指肌與拇長屈肌。,是,099,094,fc255554d1cf139720d6254307a9558d527bc020fdad321bbc54ff61c98f2814
073,094,上肢,前臂前側,eab5ace7b52cb586eae6.jpg,flexor digitorum profundus,橈側屈腕肌、掌長肌、淺屈指肌與尺側屈腕肌先保留表層連續性，再深屈指肌與拇長屈肌。,是,101,050,eab5ace7b52cb586eae6061ce75f4fe0bbad7327cd7cc1b8099a647356ef83ba
074,050,上肢,前臂前側,ba712ca3ef1cee41e64c.jpg,flexor pollicis longus,橈側屈腕肌、掌長肌、淺屈指肌與尺側屈腕肌先保留表層連續性，再深屈指肌與拇長屈肌。,是,094,197,ba712ca3ef1cee41e64cbd35bdac90d0c58e0c8ec1e742b2670371c1ad7d246c
075,197,上肢,前臂外側與後側,d2de4806580863cf742a.jpg,brachioradialis,肱橈肌與橈側伸肌在外側相鄰，再接手指伸肌、尺側伸肌及後骨間神經與示指伸肌。,是,050,174,d2de4806580863cf742a52c00913242274cf6662914bc20a2474f4cd16f3aaae
076,174,上肢,前臂外側與後側,9769d941bf3888284384.jpg,extensor carpi radialis longus,肱橈肌與橈側伸肌在外側相鄰，再接手指伸肌、尺側伸肌及後骨間神經與示指伸肌。,是,197,182,9769d941bf3888284384dffd0e6a885f529d346ea2e782727160a5e581b19d93
077,182,上肢,前臂外側與後側,ce82fe70b610c8da5aff.jpg,extensor digitorum,肱橈肌與橈側伸肌在外側相鄰，再接手指伸肌、尺側伸肌及後骨間神經與示指伸肌。,是,174,105,ce82fe70b610c8da5affb07fa03a79cea7d8f6dce535ee8fce54890a30983c26
078,105,上肢,前臂外側與後側,71fef2a6d390e2fe16ce.jpg,extensor digiti minimi,肱橈肌與橈側伸肌在外側相鄰，再接手指伸肌、尺側伸肌及後骨間神經與示指伸肌。,是,182,014,71fef2a6d390e2fe16ce6f4cf252e58608451c9f95446a93906fc845609d8c85
079,014,上肢,前臂外側與後側,d1130a8473fe4ea9d842.jpg,extensor carpi ulnaris,肱橈肌與橈側伸肌在外側相鄰，再接手指伸肌、尺側伸肌及後骨間神經與示指伸肌。,是,105,028,d1130a8473fe4ea9d8427faba6e8d1d5f02191dfa4890dd363dd552f11ce8c9f
080,028,上肢,前臂外側與後側,66e73cf327bf9b6baae5.jpg,posterior interosseous n.,肱橈肌與橈側伸肌在外側相鄰，再接手指伸肌、尺側伸肌及後骨間神經與示指伸肌。,是,014,029,66e73cf327bf9b6baae5f075ead20305d86b46c15722d9c3836b7f62492d7bfb
081,029,上肢,前臂外側與後側,f11be3daf2a31edb2f2d.jpg,extensor indicis,肱橈肌與橈側伸肌在外側相鄰，再接手指伸肌、尺側伸肌及後骨間神經與示指伸肌。,是,028,089,f11be3daf2a31edb2f2d1ca29f2e5d1f2d2119765b6ad6fc5b6141dd4eb1a511
082,089,上肢,前臂遠端與橈側腕背,10a9489a6ce50d6598ca.jpg,abductor pollicis longus,拇指外展與伸肌腱集中；橈神經淺支接橈動脈兩圖，再接圖中第一指間背側的示指動脈，不繞回魚際肌之後。,是,029,074,10a9489a6ce50d6598cad97f117f9d4bcf96e83c276477c74653eae9b4a7b911
083,074,上肢,前臂遠端與橈側腕背,b1528be13f2be4e8f5a3.jpg,extensor pollicis brevis,拇指外展與伸肌腱集中；橈神經淺支接橈動脈兩圖，再接圖中第一指間背側的示指動脈，不繞回魚際肌之後。,是,089,192,b1528be13f2be4e8f5a31af15ba3c845ef6066e3aa6889c1f58d18812d575b9d
084,192,上肢,前臂遠端與橈側腕背,d57812bba9495f63f09f.jpg,extensor pollicis longus,拇指外展與伸肌腱集中；橈神經淺支接橈動脈兩圖，再接圖中第一指間背側的示指動脈，不繞回魚際肌之後。,是,074,166,d57812bba9495f63f09fb080423408aa8f4bd88e758e60a30bc160e0a82fd35e
085,166,上肢,前臂遠端與橈側腕背,239139cd9654cc8bbd78.jpg,superficial br. of radial n.,拇指外展與伸肌腱集中；橈神經淺支接橈動脈兩圖，再接圖中第一指間背側的示指動脈，不繞回魚際肌之後。,是,192,058,239139cd9654cc8bbd780f2bf461cf12c5a4182e34d503794f4c4681052a3513
086,058,上肢,前臂遠端與橈側腕背,a63626fdae14800cacf0.jpg,radial a.,拇指外展與伸肌腱集中；橈神經淺支接橈動脈兩圖，再接圖中第一指間背側的示指動脈，不繞回魚際肌之後。,是,166,194,a63626fdae14800cacf02e2d7f22c14f9c3947b3ce04a6fbb853182b27c26f72
087,194,上肢,前臂遠端與橈側腕背,6a8a87d1eafbcdfb0d46.jpg,radial a.,拇指外展與伸肌腱集中；橈神經淺支接橈動脈兩圖，再接圖中第一指間背側的示指動脈，不繞回魚際肌之後。,是,058,139,6a8a87d1eafbcdfb0d465bd6e0d6a3ec07182d5343a7d50e37a2a71a4b1fc641
088,139,上肢,前臂遠端與橈側腕背,ec6ed23357981c30df71.jpg,dorsalis indicis a.,拇指外展與伸肌腱集中；橈神經淺支接橈動脈兩圖，再接圖中第一指間背側的示指動脈，不繞回魚際肌之後。,是,194,086,ec6ed23357981c30df7143ce560ed754b6b5b3a4b3efb2c2367ac75bc509c493
089,086,上肢,腕掌側與尺側手掌,7760765f7a8ce4e5564e.jpg,pronator quadratus,旋前方肌位於遠端橈尺骨；接屈肌支持帶、淺掌弓與手掌尺神經，再接尺側掌短肌、小指短屈肌。,是,139,153,7760765f7a8ce4e5564ee73c5f925e8aa91f00f20651dda346de27f1dac083a6
090,153,上肢,腕掌側與尺側手掌,5e7bf41651e671619149.jpg,flexor retinaculum,旋前方肌位於遠端橈尺骨；接屈肌支持帶、淺掌弓與手掌尺神經，再接尺側掌短肌、小指短屈肌。,是,086,017,5e7bf41651e6716191499545da08da7a74e9aaec2004d0251d7e35469868d579
091,017,上肢,腕掌側與尺側手掌,aed9b766b9815417d470.jpg,superficial palmar arch,旋前方肌位於遠端橈尺骨；接屈肌支持帶、淺掌弓與手掌尺神經，再接尺側掌短肌、小指短屈肌。,是,153,019,aed9b766b9815417d4703b85c30fa9f213c80038beefec39eb0b74cf71977058
092,019,上肢,腕掌側與尺側手掌,3bf0bc64f6d9b7dea357.jpg,ulnar n.,旋前方肌位於遠端橈尺骨；接屈肌支持帶、淺掌弓與手掌尺神經，再接尺側掌短肌、小指短屈肌。,是,017,012,3bf0bc64f6d9b7dea357f57bf2aeee77fef276e4ebcda8fcbc0cad282edb1135
093,012,上肢,腕掌側與尺側手掌,5fb47300a2871ce1c604.jpg,palmaris brevis,旋前方肌位於遠端橈尺骨；接屈肌支持帶、淺掌弓與手掌尺神經，再接尺側掌短肌、小指短屈肌。,是,019,076,5fb47300a2871ce1c604ad4b7930ea2c02e880422ed7cd36f9f4a24e3e0083ad
094,076,上肢,腕掌側與尺側手掌,ecd3d01a33ece0111d5d.jpg,flexor digiti minimi brevis,旋前方肌位於遠端橈尺骨；接屈肌支持帶、淺掌弓與手掌尺神經，再接尺側掌短肌、小指短屈肌。,是,012,087,ecd3d01a33ece0111d5d73dc4716b8ec0fef09b6d0d2bf134e2e59ed3fc55cd5
095,087,上肢,手掌深層與拇指根部,e9af96d44b62193fe847.jpg,deep palmar arch,深掌弓與拇收肌相鄰，再集中魚際肌；直接接下一局部視野的手指屈肌腱。,是,076,075,e9af96d44b62193fe847183d66297cfb9d921ef981c135374f46182b96ff8d23
096,075,上肢,手掌深層與拇指根部,42b20d664f37534f35ff.jpg,adductor pollicis,深掌弓與拇收肌相鄰，再集中魚際肌；直接接下一局部視野的手指屈肌腱。,是,087,147,42b20d664f37534f35ff2e371a1758ca9b61d2ced44df46de3cabaf6e2fbdab2
097,147,上肢,手掌深層與拇指根部,48b3070f0c2824fe3646.jpg,abductor pollicis brevis,深掌弓與拇收肌相鄰，再集中魚際肌；直接接下一局部視野的手指屈肌腱。,是,075,049,48b3070f0c2824fe36461526e8be7c02d05042141312fb160a546a896eeba640
098,049,上肢,手掌深層與拇指根部,d3a15744d9d6c07ccf9a.jpg,flexor pollicis brevis,深掌弓與拇收肌相鄰，再集中魚際肌；直接接下一局部視野的手指屈肌腱。,是,147,159,d3a15744d9d6c07ccf9aebc631efa5eef3c528dda7c8891f59965467122d7d45
099,159,上肢,手掌深層與拇指根部,bf25b0293b37f40c8946.jpg,opponens pollicis,深掌弓與拇收肌相鄰，再集中魚際肌；直接接下一局部視野的手指屈肌腱。,是,049,056,bf25b0293b37f40c894635aecf669fdf2c8d18a865eb5665c39bfe1a9f7fb065
100,056,上肢,手指屈肌腱與蚓狀肌,7a7b6cd8d9b9252e3c01.jpg,tendon of flexor digitorum superficialis,圖中手指淺、深屈肌腱依深度及止端排列，蚓狀肌與深屈肌腱保持相鄰。,是,159,181,7a7b6cd8d9b9252e3c011da8940b90a0b0a680faaaf8d15d843a7657d6f084ae
101,181,上肢,手指屈肌腱與蚓狀肌,4902f736e418daa82334.jpg,tendon of flexor digitorum profundus,圖中手指淺、深屈肌腱依深度及止端排列，蚓狀肌與深屈肌腱保持相鄰。,是,056,011,4902f736e418daa82334ce80b348cf64e4348a701a4ecb2a2dd4a95f6a6d3ac4
102,011,上肢,手指屈肌腱與蚓狀肌,6e28b0b432bdc3f29c5f.jpg,lumbrical,圖中手指淺、深屈肌腱依深度及止端排列，蚓狀肌與深屈肌腱保持相鄰。,是,181,,6e28b0b432bdc3f29c5fb0ebc46e62271018a8f3fa7d22bc03f98f8f6d78642e
103,106,胸部,胸廓入口與上縱膈,3b62cc7bf81a4d7c8860.jpg,subclavius,鎖骨下肌及鎖骨下動脈在胸廓入口；接頭臂動靜脈與主動脈弓附近的返喉神經。,是,,160,3b62cc7bf81a4d7c8860a73dbb3a5169b43ce613a27c5b12d14e12fac31b7179
104,160,胸部,胸廓入口與上縱膈,cd745d11c29fde4e5219.jpg,subclavian a.,鎖骨下肌及鎖骨下動脈在胸廓入口；接頭臂動靜脈與主動脈弓附近的返喉神經。,是,106,079,cd745d11c29fde4e521952e03d7007c60beb2c6fbd5bd57af4d01021876ed731
105,079,胸部,胸廓入口與上縱膈,1a2025b910fe9129247e.jpg,brachiocephalic trunk,鎖骨下肌及鎖骨下動脈在胸廓入口；接頭臂動靜脈與主動脈弓附近的返喉神經。,是,160,140,1a2025b910fe9129247eece5f47ea29f9af74290b016609660f15f06540559eb
106,140,胸部,胸廓入口與上縱膈,c137b020796166a1acd4.jpg,brachiocephalic v.,鎖骨下肌及鎖骨下動脈在胸廓入口；接頭臂動靜脈與主動脈弓附近的返喉神經。,是,079,127,c137b020796166a1acd442e08968ecb58943b3515b2f3be96afb5f3473cb1402
107,127,胸部,胸廓入口與上縱膈,3dcb7900aa3b2ef52fd3.jpg,recurrent laryngeal n.,鎖骨下肌及鎖骨下動脈在胸廓入口；接頭臂動靜脈與主動脈弓附近的返喉神經。,是,140,190,3dcb7900aa3b2ef52fd3ad90c53fa0162b92774a166bc4332fae17d6becb07e0
108,190,胸部,胸壁與前縱膈交界,eb9f83e5b338546ee896.jpg,lateral thoracic a.,胸外側血管接前外側肋間肌；胸廓內動脈、前肋間分支、胸橫肌與向下的肌膈動脈集中。,是,127,186,eb9f83e5b338546ee896dd7eee71fb278bccde504c7767edbf53c05830b4b5a3
109,186,胸部,胸壁與前縱膈交界,1c9ae8b77a53a7510df9.jpg,external intercostal,胸外側血管接前外側肋間肌；胸廓內動脈、前肋間分支、胸橫肌與向下的肌膈動脈集中。,是,190,116,1c9ae8b77a53a7510df9e7e047f0ac517372b80591699d0326dd978dfa2e32b5
110,116,胸部,胸壁與前縱膈交界,eb9fd208f848635563b7.jpg,internal intercostal,胸外側血管接前外側肋間肌；胸廓內動脈、前肋間分支、胸橫肌與向下的肌膈動脈集中。,是,186,090,eb9fd208f848635563b7c8eb219ad46defdda5b0fef284003aecaa1831df0b08
111,090,胸部,胸壁與前縱膈交界,3806e2522333cfc034a8.jpg,internal thoracic a.,胸外側血管接前外側肋間肌；胸廓內動脈、前肋間分支、胸橫肌與向下的肌膈動脈集中。,是,116,061,3806e2522333cfc034a851ef08a485ff3b5fbd154e1d2e868f9af8e16e352870
112,061,胸部,胸壁與前縱膈交界,e93db70b71d30e1e4f84.jpg,anterior intercostal a.,胸外側血管接前外側肋間肌；胸廓內動脈、前肋間分支、胸橫肌與向下的肌膈動脈集中。,是,090,170,e93db70b71d30e1e4f84313f553b3fd36812bbac80038952e5c7022f483cef05
113,170,胸部,胸壁與前縱膈交界,fda3c4081217bf345463.jpg,transversus thoracis,胸外側血管接前外側肋間肌；胸廓內動脈、前肋間分支、胸橫肌與向下的肌膈動脈集中。,是,061,118,fda3c4081217bf3454633c4b256cc5646f02e34e2c6a67d33907ed3c2a4e53fa
114,118,胸部,胸壁與前縱膈交界,a7614af05194763a2ff1.jpg,musculophrenic a.,胸外側血管接前外側肋間肌；胸廓內動脈、前肋間分支、胸橫肌與向下的肌膈動脈集中。,是,170,031,a7614af05194763a2ff11f68b4c9ca59212b3dc61d5aeaff059eebc13d592c72
115,031,胸部,肺門與心底大血管,282669cdd1e1b78dcf48.jpg,main bronchus,肺門支氣管與肺動脈相鄰；膈神經在肺根前方，接肺動脈幹及升主動脈的心底局部。,是,118,165,282669cdd1e1b78dcf48801bf1231d442569c67a9cf5b260c9964b63e51cc43d
116,165,胸部,肺門與心底大血管,a3d1e0d1fe38d27bdfc5.jpg,pulmonary a.,肺門支氣管與肺動脈相鄰；膈神經在肺根前方，接肺動脈幹及升主動脈的心底局部。,是,031,092,a3d1e0d1fe38d27bdfc5f20895304aad66831f9ccb6de3d82cf492429daa5878
117,092,胸部,肺門與心底大血管,83c16b70e63e75818186.jpg,phrenic n.,肺門支氣管與肺動脈相鄰；膈神經在肺根前方，接肺動脈幹及升主動脈的心底局部。,是,165,131,83c16b70e63e75818186c86b56ec468ec654bd20db21e18478cd35949826db62
118,131,胸部,肺門與心底大血管,4b2747e373bd9d78c945.jpg,pulmonary trunk,肺門支氣管與肺動脈相鄰；膈神經在肺根前方，接肺動脈幹及升主動脈的心底局部。,是,092,078,4b2747e373bd9d78c945d715c621d2919e4eaad0fbfdee15dcbd755b912c50b6
119,078,胸部,肺門與心底大血管,074381a330bdd7daee28.jpg,ascending aorta,肺門支氣管與肺動脈相鄰；膈神經在肺根前方，接肺動脈幹及升主動脈的心底局部。,是,131,036,074381a330bdd7daee28e61dc82114f466b38f62a6d5b8bc5fd135c870788232
120,036,胸部,心房與冠狀溝右側,b0b71521fa4f81b55533.jpg,auricle,心耳與近端右冠狀動脈／竇房結支相鄰，接右心房前靜脈、右緣動脈及小心靜脈。,是,078,063,b0b71521fa4f81b55533fd11650345d357b08b79e750f1f8e801d7a94e020b96
121,063,胸部,心房與冠狀溝右側,20490675d1cf463908ef.jpg,right coronary a.,心耳與近端右冠狀動脈／竇房結支相鄰，接右心房前靜脈、右緣動脈及小心靜脈。,是,036,107,20490675d1cf463908ef25aaaa8d40dc4ebac47ae648f85044641127b5aa1ec3
122,107,胸部,心房與冠狀溝右側,4e3f53406f4a7ffaa02b.jpg,sinu-atrial nodal a.,心耳與近端右冠狀動脈／竇房結支相鄰，接右心房前靜脈、右緣動脈及小心靜脈。,是,063,119,4e3f53406f4a7ffaa02bb827f5aa93b1ee9fde9925bb4a866d94dc5d054f913a
123,119,胸部,心房與冠狀溝右側,9be345579e579e52bf85.jpg,anterior cardiac v.,心耳與近端右冠狀動脈／竇房結支相鄰，接右心房前靜脈、右緣動脈及小心靜脈。,是,107,117,9be345579e579e52bf8502a738123e49baaa375cd224023421f45ea016bdcc69
124,117,胸部,心房與冠狀溝右側,b7dc1b2e40a30fb00b54.jpg,right marginal a.,心耳與近端右冠狀動脈／竇房結支相鄰，接右心房前靜脈、右緣動脈及小心靜脈。,是,119,141,b7dc1b2e40a30fb00b546495219d8ae4f4bb553fec3105993d11748439c3e7f9
125,141,胸部,心房與冠狀溝右側,35d08ed900c4f00ac3d8.jpg,small cardiac v.,心耳與近端右冠狀動脈／竇房結支相鄰，接右心房前靜脈、右緣動脈及小心靜脈。,是,117,151,35d08ed900c4f00ac3d88fd182b35e953567786932bd71383c40af503943606e
126,151,胸部,心室表面與冠狀溝左後側,93393626c9f649711802.jpg,anterior interventricular a.,前室間動脈與伴行大心靜脈相鄰；旋支接冠狀竇，再後室間溝的中心靜脈。,是,141,080,93393626c9f6497118022f256188dcc2c33d5ab80806a089569dd4a02a107604
127,080,胸部,心室表面與冠狀溝左後側,090610846f38bb39bc53.jpg,great cardiac v.,前室間動脈與伴行大心靜脈相鄰；旋支接冠狀竇，再後室間溝的中心靜脈。,是,151,171,090610846f38bb39bc53466a3368bd4f024a64b734c5627374cab21d02b26495
128,171,胸部,心室表面與冠狀溝左後側,89e4900518e6bfc2ecc1.jpg,circumflex a.,前室間動脈與伴行大心靜脈相鄰；旋支接冠狀竇，再後室間溝的中心靜脈。,是,080,034,89e4900518e6bfc2ecc12e2b5e5a56177fd2e7a081758b70e4aa0c4b76eec372
129,034,胸部,心室表面與冠狀溝左後側,97d8bfb50029098dab38.jpg,coronary sinus,前室間動脈與伴行大心靜脈相鄰；旋支接冠狀竇，再後室間溝的中心靜脈。,是,171,032,97d8bfb50029098dab3843338919ea446505670101846670eaa2f1b4aca7d216
130,032,胸部,心室表面與冠狀溝左後側,b93070abdf1885723e33.jpg,middle cardiac v.,前室間動脈與伴行大心靜脈相鄰；旋支接冠狀竇，再後室間溝的中心靜脈。,是,034,091,b93070abdf1885723e33c7fd15e38da256eb5d972574ce6f975d872fa24a2de3
131,091,胸部,心室內部,d76c35ada70e2caca754.jpg,tricuspid valve,房室瓣集中；接相連腱索與乳突肌，再相鄰心室中隔及心室內肉柱。,是,032,062,d76c35ada70e2caca7544b3007aef23e416a8c2947bfef9ef1186bb1055cbb78
132,062,胸部,心室內部,b89ba9b951898f160d8a.jpg,bicuspid valve,房室瓣集中；接相連腱索與乳突肌，再相鄰心室中隔及心室內肉柱。,是,091,035,b89ba9b951898f160d8afc2db6b8e66ccd234b18f9960e0e068b0ccab1b14dd9
133,035,胸部,心室內部,00487802402c060e8533.jpg,tendinous cord,房室瓣集中；接相連腱索與乳突肌，再相鄰心室中隔及心室內肉柱。,是,062,108,00487802402c060e8533d0666bc8003f7720725c3e4fbdb95f9a35450142e707
134,108,胸部,心室內部,ed743e4be208c0a53469.jpg,papillary muscle,房室瓣集中；接相連腱索與乳突肌，再相鄰心室中隔及心室內肉柱。,是,035,033,ed743e4be208c0a53469037094c0263608aa7632bd719093cfcd82466292b8dc
135,033,胸部,心室內部,86b766845d77dee4ec1f.jpg,interventricular septum,房室瓣集中；接相連腱索與乳突肌，再相鄰心室中隔及心室內肉柱。,是,108,132,86b766845d77dee4ec1fd6148048fa272dcefc0226ff5a8c64d2ad4d8b8faf52
136,132,胸部,心室內部,59e8b13ef7723a10d0df.jpg,trabeculae carneae,房室瓣集中；接相連腱索與乳突肌，再相鄰心室中隔及心室內肉柱。,是,033,162,59e8b13ef7723a10d0df7ecb605ae6325d7937b8c9e79afe2a4ff4840f0cf815
137,162,胸部,後縱膈與後胸壁,66bedb540b56cfc7b06a.jpg,accessory hemiazygos v.,副半奇、半奇、奇靜脈集中；圖中下位後胸壁肋下肌穿插在附近，接椎旁交感幹與向下的大內臟神經。,是,132,030,66bedb540b56cfc7b06a39379680d92bdc3f4cf8801d5089b0d7cfe601a7719f
138,030,胸部,後縱膈與後胸壁,8d8394682ccb14036574.jpg,hemiazygos v.,副半奇、半奇、奇靜脈集中；圖中下位後胸壁肋下肌穿插在附近，接椎旁交感幹與向下的大內臟神經。,是,162,188,8d8394682ccb140365740f5fa961543451c447940a5da072d779808f7d843a0a
139,188,胸部,後縱膈與後胸壁,535605127163ac160c57.jpg,azygos v.,副半奇、半奇、奇靜脈集中；圖中下位後胸壁肋下肌穿插在附近，接椎旁交感幹與向下的大內臟神經。,是,030,173,535605127163ac160c57ee48c10906f0c39e528c4d3a6410d78277be8e0e823d
140,173,胸部,後縱膈與後胸壁,8be5faa68b31b7ea34c0.jpg,subcostalis,副半奇、半奇、奇靜脈集中；圖中下位後胸壁肋下肌穿插在附近，接椎旁交感幹與向下的大內臟神經。,是,188,175,8be5faa68b31b7ea34c03620d09818e8fc93990f6aa21546acb6df5bc6b35355
141,175,胸部,後縱膈與後胸壁,293cb94095126dd0f618.jpg,sympathetic trunk,副半奇、半奇、奇靜脈集中；圖中下位後胸壁肋下肌穿插在附近，接椎旁交感幹與向下的大內臟神經。,是,173,037,293cb94095126dd0f618614f288456946e99926afe22c5b4cbdc29f12be600ab
142,037,胸部,後縱膈與後胸壁,4334c3e8df939532f49f.jpg,greater splanchnic n.,副半奇、半奇、奇靜脈集中；圖中下位後胸壁肋下肌穿插在附近，接椎旁交感幹與向下的大內臟神經。,是,175,,4334c3e8df939532f49f261c62af07af71576e2c72216dba74614178ca99c1aa
143,179,腹部,前腹壁（跨上中下腹）,82220813e839c6b7b39b.jpg,rectus abdominis,整段腹壁跨越多個高度，腹直肌、腱劃與鞘集中，再相鄰外斜、內斜及腹橫肌；以局部連續性優先。,是,,041,82220813e839c6b7b39b4168f63e9380d04de3c125e552c5e7cf6dab4f2f6cf2
144,041,腹部,前腹壁（跨上中下腹）,05a4489c6e337e35a2e0.jpg,tendinous intersection,整段腹壁跨越多個高度，腹直肌、腱劃與鞘集中，再相鄰外斜、內斜及腹橫肌；以局部連續性優先。,是,179,135,05a4489c6e337e35a2e00ee10beb0620227f8d2f2e08e1f8e5f95aa142313176
145,135,腹部,前腹壁（跨上中下腹）,356b49563a05b82b0470.jpg,rectus sheath,整段腹壁跨越多個高度，腹直肌、腱劃與鞘集中，再相鄰外斜、內斜及腹橫肌；以局部連續性優先。,是,041,069,356b49563a05b82b047037aac8ed176c4d95cda8c34a715f7571532217175473
146,069,腹部,前腹壁（跨上中下腹）,5f960faff2f7077fbeec.jpg,external oblique,整段腹壁跨越多個高度，腹直肌、腱劃與鞘集中，再相鄰外斜、內斜及腹橫肌；以局部連續性優先。,是,135,047,5f960faff2f7077fbeecd0d59fb07aa85d9ea5f9cce46a78bdac9f7a7b72e540
147,047,腹部,前腹壁（跨上中下腹）,674d82f565c55e991f51.jpg,internal oblique,整段腹壁跨越多個高度，腹直肌、腱劃與鞘集中，再相鄰外斜、內斜及腹橫肌；以局部連續性優先。,是,069,081,674d82f565c55e991f51719a9798736e04bf51c2aad539a91f68eb99c8b19a59
148,081,腹部,前腹壁（跨上中下腹）,4fcf7568594fb143f59a.jpg,transversus abdominis,整段腹壁跨越多個高度，腹直肌、腱劃與鞘集中，再相鄰外斜、內斜及腹橫肌；以局部連續性優先。,是,047,122,4fcf7568594fb143f59a3639201f91669bad577a39b997447bbb25cb4256a53e
149,122,腹部,膈下與上腹後正中,78192efe1767a2eb9c19.jpg,inferior phrenic a.,膈下血管、上腰段乳糜池與腹腔神經節／腹腔幹位於上腹後方近端區。,是,081,048,78192efe1767a2eb9c19d217e72a345cb4d93d8b332feec28bc2c11e837d2f72
150,048,腹部,膈下與上腹後正中,da1ed570421d8631863c.jpg,cisterna chyli,膈下血管、上腰段乳糜池與腹腔神經節／腹腔幹位於上腹後方近端區。,是,122,093,da1ed570421d8631863c0ff9d3f39a6d6b07309884affb4bbef3cab3887e169d
151,093,腹部,膈下與上腹後正中,63a31cb670cf7df51390.jpg,celiac ganglion,膈下血管、上腰段乳糜池與腹腔神經節／腹腔幹位於上腹後方近端區。,是,048,010,63a31cb670cf7df51390cf026b503e3bc7dcbe6302d163755ccb3d6f2fb05bdf
152,010,腹部,膈下與上腹後正中,7f00f60a5636604742c0.jpg,celiac trunk,膈下血管、上腰段乳糜池與腹腔神經節／腹腔幹位於上腹後方近端區。,是,093,068,7f00f60a5636604742c075c0e49c103ee1be0443ea483fde5ad197918791759b
153,068,腹部,右上腹與肝門膽道,bf3384705e322b5a1ac8.jpg,falciform lig.,肝前韌帶與下緣集中，接肝臟臟面及肝門血管；膽囊、膽囊管與肝總管接合至膽管連續排列。,是,010,066,bf3384705e322b5a1ac831b9a57c051061ce5720843ec52bad32c84aba70fd56
154,066,腹部,右上腹與肝門膽道,af7efc1ebeb51a3fff0b.jpg,round lig. of liver,肝前韌帶與下緣集中，接肝臟臟面及肝門血管；膽囊、膽囊管與肝總管接合至膽管連續排列。,是,068,071,af7efc1ebeb51a3fff0b16c6f8bac0638c890d07a55213b46fae9faf3ed5ad8e
155,071,腹部,右上腹與肝門膽道,cf41738696b4fd7e5177.jpg,caudate lobe,肝前韌帶與下緣集中，接肝臟臟面及肝門血管；膽囊、膽囊管與肝總管接合至膽管連續排列。,是,066,199,cf41738696b4fd7e517778efcb6a1563267b3c2112ca838bd2b1bb48ee45ff20
156,199,腹部,右上腹與肝門膽道,d83992254cba7a956f54.jpg,quadrate lobe,肝前韌帶與下緣集中，接肝臟臟面及肝門血管；膽囊、膽囊管與肝總管接合至膽管連續排列。,是,071,178,d83992254cba7a956f5417cd7f830d9fbd66d05bf96caa66c8bf87f0762f7099
157,178,腹部,右上腹與肝門膽道,e87ad8628db4d461c84d.jpg,hepatic portal v.,肝前韌帶與下緣集中，接肝臟臟面及肝門血管；膽囊、膽囊管與肝總管接合至膽管連續排列。,是,199,176,e87ad8628db4d461c84d13b23647c4a95bdccf20a0a3c3f122e5b11c1cb226ea
158,176,腹部,右上腹與肝門膽道,2c4691a3fbb4e8e719e9.jpg,common hepatic a.,肝前韌帶與下緣集中，接肝臟臟面及肝門血管；膽囊、膽囊管與肝總管接合至膽管連續排列。,是,178,044,2c4691a3fbb4e8e719e9cd54bfad5e6ecfd9b5a74b3971deccf72561a43215cb
159,044,腹部,右上腹與肝門膽道,f5de39009cabe548d7fe.jpg,gallbladder,肝前韌帶與下緣集中，接肝臟臟面及肝門血管；膽囊、膽囊管與肝總管接合至膽管連續排列。,是,176,112,f5de39009cabe548d7fe747a390335b6dce4280396fb520bfc094215f0a297ed
160,112,腹部,右上腹與肝門膽道,6d7c8ad6d4d7408960d1.jpg,cystic duct,肝前韌帶與下緣集中，接肝臟臟面及肝門血管；膽囊、膽囊管與肝總管接合至膽管連續排列。,是,044,070,6d7c8ad6d4d7408960d12b2d79181803f70984f442ea85be5c8fad55fb79f485
161,070,腹部,右上腹與肝門膽道,906826bf9d037b0a41bd.jpg,common hepatic duct,肝前韌帶與下緣集中，接肝臟臟面及肝門血管；膽囊、膽囊管與肝總管接合至膽管連續排列。,是,112,072,906826bf9d037b0a41bda1860448c09a0fef92e89345f3ebe653e6b2643a751c
162,072,腹部,右上腹與肝門膽道,a762c506d9e899b9435a.jpg,bile duct,肝前韌帶與下緣集中，接肝臟臟面及肝門血管；膽囊、膽囊管與肝總管接合至膽管連續排列。,是,070,123,a762c506d9e899b9435acbca9366a741109ddb84e4435c3fd90d4a5203e943fb
163,123,腹部,上腹胃周圍與大網膜,28e33b123de3aa8417df.jpg,left gastric a.,胃小彎左右血管、胃大彎左側血管及連續的大網膜集中，保留胃周局部。,是,072,009,28e33b123de3aa8417df1620ee905f8e0739eff951b0c2d9de7eda5b564fe28d
164,009,腹部,上腹胃周圍與大網膜,9ad09d84a01f3cfa5493.jpg,right gastric a.,胃小彎左右血管、胃大彎左側血管及連續的大網膜集中，保留胃周局部。,是,123,067,9ad09d84a01f3cfa549355ced04d3ea642dd0b38826649827470bc5dd006998f
165,067,腹部,上腹胃周圍與大網膜,473328c1e2f01355ae76.jpg,left gastro-omental a.,胃小彎左右血管、胃大彎左側血管及連續的大網膜集中，保留胃周局部。,是,009,098,473328c1e2f01355ae76a96d8ef854fc4db9fd9758ef5a9f363f0b22956515fd
166,098,腹部,上腹胃周圍與大網膜,682febcb359b8935255b.jpg,greater omentum,胃小彎左右血管、胃大彎左側血管及連續的大網膜集中，保留胃周局部。,是,067,172,682febcb359b8935255b0a0047768e05cbe3c213ea143e0469721d2afb801425
167,172,腹部,左上腹與胰體尾周圍,b6d3aea5f23c07cd407a.jpg,spleen,脾接脾動、靜脈與胰體尾，同局部器官和血管交錯排列。,是,098,134,b6d3aea5f23c07cd407a074d5109edd91c580c8261239588aafd0d655f08a9ed
168,134,腹部,左上腹與胰體尾周圍,67992537012f6b23f4a0.jpg,splenic a.,脾接脾動、靜脈與胰體尾，同局部器官和血管交錯排列。,是,172,045,67992537012f6b23f4a03fb917e66bc21e8fc0c423ef3c27b55d98fc4b896c56
169,045,腹部,左上腹與胰體尾周圍,688aa120ac67f8b93bbd.jpg,splenic v.,脾接脾動、靜脈與胰體尾，同局部器官和血管交錯排列。,是,134,129,688aa120ac67f8b93bbd1e6da836be4d183464b3484e115c703e21a2fdb7eccf
170,129,腹部,左上腹與胰體尾周圍,1216e8c5d7cdadd5ced4.jpg,pancreas,脾接脾動、靜脈與胰體尾，同局部器官和血管交錯排列。,是,045,084,1216e8c5d7cdadd5ced4ffab238213e0eab5842341df5014c17f0c676003e76b
171,084,腹部,胰頭與十二指腸,ee4800a5aaa07a450923.jpg,anterior superior pancreaticoduodenal a.,胰體尾視野接胰頭與十二指腸旁的前上胰十二指腸動脈，再十二指腸。,是,129,121,ee4800a5aaa07a450923a55f1290c5475ecb29ca533c42746e5aca6668d0d3a7
172,121,腹部,胰頭與十二指腸,9cae8833da5312608e2a.jpg,duodenum,胰體尾視野接胰頭與十二指腸旁的前上胰十二指腸動脈，再十二指腸。,是,084,185,9cae8833da5312608e2a4760c74d2f4e1f6c35b44dec6213b62d825db7dccb17
173,185,腹部,左側後腹膜與腎區、輸尿管,c73a2eb885de77e46564.jpg,inferior mesenteric v.,下腸繫膜靜脈箭頭在胰下、左腎內側的向上走行段，置於後腹膜腎區入口；接腎上腺下動脈、腎動脈、腎剖面與輸尿管。,是,121,146,c73a2eb885de77e465648062e3a57a60472b761c475f85f54b82f1a1f71b55fe
174,146,腹部,左側後腹膜與腎區、輸尿管,184d3d529b352a5e4d49.jpg,inferior suprarenal a.,下腸繫膜靜脈箭頭在胰下、左腎內側的向上走行段，置於後腹膜腎區入口；接腎上腺下動脈、腎動脈、腎剖面與輸尿管。,是,185,006,184d3d529b352a5e4d499bb4329c44b460385aac8383f2de04a6ece2a71b408c
175,006,腹部,左側後腹膜與腎區、輸尿管,d4a4e1b07fd8b5d7bb33.jpg,renal a.,下腸繫膜靜脈箭頭在胰下、左腎內側的向上走行段，置於後腹膜腎區入口；接腎上腺下動脈、腎動脈、腎剖面與輸尿管。,是,146,002,d4a4e1b07fd8b5d7bb3397f4c0d0fc81970e45c1d328b92a93f8cc4301f02f16
176,002,腹部,左側後腹膜與腎區、輸尿管,884b8124eee6f24a197b.jpg,renal column,下腸繫膜靜脈箭頭在胰下、左腎內側的向上走行段，置於後腹膜腎區入口；接腎上腺下動脈、腎動脈、腎剖面與輸尿管。,是,006,133,884b8124eee6f24a197b8368a84e615457cc165610a0153a7d84ea73f609364d
177,133,腹部,左側後腹膜與腎區、輸尿管,1bcfaccfc9218833e53b.jpg,renal pyramid,下腸繫膜靜脈箭頭在胰下、左腎內側的向上走行段，置於後腹膜腎區入口；接腎上腺下動脈、腎動脈、腎剖面與輸尿管。,是,002,145,1bcfaccfc9218833e53b713424b06b08b03e3a911fb2346a254e4788513fa5e8
178,145,腹部,左側後腹膜與腎區、輸尿管,3031ceb3b4acebe4933b.jpg,renal papilla,下腸繫膜靜脈箭頭在胰下、左腎內側的向上走行段，置於後腹膜腎區入口；接腎上腺下動脈、腎動脈、腎剖面與輸尿管。,是,133,156,3031ceb3b4acebe4933bad46556689e0c754175c3f170dbbefe0736ce6319b27
179,156,腹部,左側後腹膜與腎區、輸尿管,fbac6928f8cd3d5138e1.jpg,minor calyx,下腸繫膜靜脈箭頭在胰下、左腎內側的向上走行段，置於後腹膜腎區入口；接腎上腺下動脈、腎動脈、腎剖面與輸尿管。,是,145,082,fbac6928f8cd3d5138e1c3103d2b453bde08b94b2f887028f9b52b5ebb818498
180,082,腹部,左側後腹膜與腎區、輸尿管,8f1d8bee731e6776aab8.jpg,renal pelvis,下腸繫膜靜脈箭頭在胰下、左腎內側的向上走行段，置於後腹膜腎區入口；接腎上腺下動脈、腎動脈、腎剖面與輸尿管。,是,156,065,8f1d8bee731e6776aab86f122ea541d65ab76abbbf538979bb1a8704387b275f
181,065,腹部,左側後腹膜與腎區、輸尿管,583c10466e788d1472c4.jpg,ureter,下腸繫膜靜脈箭頭在胰下、左腎內側的向上走行段，置於後腹膜腎區入口；接腎上腺下動脈、腎動脈、腎剖面與輸尿管。,是,082,042,583c10466e788d1472c4e58456ec449eb4f1dd8790d9695bff4949190dfdf023
182,042,腹部,腰腹後壁與骨盆入口,c0c9302e139388c79d88.jpg,quadratus lumborum,腰方肌與腰大肌接後腹膜睪丸靜脈，再腰大肌外側股神經、內側閉孔神經，依後腹壁至骨盆入口相鄰排列。,是,065,007,c0c9302e139388c79d8886564d7c16a5d6850975ea238f20cb2079126fc971ad
183,007,腹部,腰腹後壁與骨盆入口,11204ba3341b1728e6e2.jpg,psoas major,腰方肌與腰大肌接後腹膜睪丸靜脈，再腰大肌外側股神經、內側閉孔神經，依後腹壁至骨盆入口相鄰排列。,是,042,155,11204ba3341b1728e6e23eb51e4e46ac73f6471bcf190f16c8eea04840db3a70
184,155,腹部,腰腹後壁與骨盆入口,627b73f4a49b1678c286.jpg,testicular v.,腰方肌與腰大肌接後腹膜睪丸靜脈，再腰大肌外側股神經、內側閉孔神經，依後腹壁至骨盆入口相鄰排列。,是,007,193,627b73f4a49b1678c28605aa7726249c499bcb77e65f8b544b770b35271e1b6c
185,193,腹部,腰腹後壁與骨盆入口,85e0a42764b4ccecf6cf.jpg,femoral n.,腰方肌與腰大肌接後腹膜睪丸靜脈，再腰大肌外側股神經、內側閉孔神經，依後腹壁至骨盆入口相鄰排列。,是,155,001,85e0a42764b4ccecf6cf0a8f9f017f009ba77fb21e4bf92cca77e9170b521534
186,001,腹部,腰腹後壁與骨盆入口,e0b196a45731533f2675.jpg,obturator n.,腰方肌與腰大肌接後腹膜睪丸靜脈，再腰大肌外側股神經、內側閉孔神經，依後腹壁至骨盆入口相鄰排列。,是,193,043,e0b196a45731533f26757fac938cdb019ddd005ce49dc0b475bb193d6af1b7c4
187,043,腹部,中下腹腸袢與右髂窩,4683157d88da5a6d1e9d.jpg,superior mesenteric a.,上腸繫膜動脈圖標示腸支及腸繫膜扇形走行，直接接空腸與迴腸；再結腸帶、盲腸和其闌尾。,是,001,004,4683157d88da5a6d1e9d55f787fa686a21b47c144752499810ba479e628aba72
188,004,腹部,中下腹腸袢與右髂窩,ca8f4a7eee871ca7af26.jpg,jejunum,上腸繫膜動脈圖標示腸支及腸繫膜扇形走行，直接接空腸與迴腸；再結腸帶、盲腸和其闌尾。,是,043,161,ca8f4a7eee871ca7af26fc4dd6e171d9f36593874274497331b8b1f0c6469c2b
189,161,腹部,中下腹腸袢與右髂窩,80baca90a80001298039.jpg,ileum,上腸繫膜動脈圖標示腸支及腸繫膜扇形走行，直接接空腸與迴腸；再結腸帶、盲腸和其闌尾。,是,004,152,80baca90a800012980391f4735663bc00b4d11141fbbcc14c9cdc2d7aa65a8a0
190,152,腹部,中下腹腸袢與右髂窩,26922be5537bb38a22c0.jpg,tenia coli,上腸繫膜動脈圖標示腸支及腸繫膜扇形走行，直接接空腸與迴腸；再結腸帶、盲腸和其闌尾。,是,161,083,26922be5537bb38a22c0a5b5ac82cd80dafaaea555dbeef5c40c4894ba3ebd5f
191,083,腹部,中下腹腸袢與右髂窩,e9c649e6a52020e8e0b2.jpg,cecum,上腸繫膜動脈圖標示腸支及腸繫膜扇形走行，直接接空腸與迴腸；再結腸帶、盲腸和其闌尾。,是,152,111,e9c649e6a52020e8e0b2262f53e225b0dd88b43389fdab5485a4f671e3d01e0d
192,111,腹部,中下腹腸袢與右髂窩,b1a291c2c0dbc503ac8e.jpg,appendix,上腸繫膜動脈圖標示腸支及腸繫膜扇形走行，直接接空腸與迴腸；再結腸帶、盲腸和其闌尾。,是,083,177,b1a291c2c0dbc503ac8e9f177b053c7032e115bcea6e14c1a7396001e5e23e55
193,177,腹部,左下腹與骨盆腸段,8f37589088c691545dd4.jpg,sigmoid colon,由乙狀結腸連續向下到骨盆直腸。,是,111,168,8f37589088c691545dd4016a5570ec28e37fea8900d3571fb20679bc2e7b89d6
194,168,腹部,左下腹與骨盆腸段,6f9bee2eccc663229df0.jpg,rectum,由乙狀結腸連續向下到骨盆直腸。,是,177,003,6f9bee2eccc663229df0f3f9f89347b018dfd33b3541dd2d79ba785f9d950e08
195,003,腹部,腹股溝與陰囊,d2043523bfc11d91f8e3.jpg,testicular a.,睪丸動脈圖箭頭位於下腹至腹股溝走行段；接腹股溝韌帶、髂腹股溝神經、生殖股神經生殖支，再輸精管至副睪。,是,168,085,d2043523bfc11d91f8e33f0f3da9af709e3159ac8e25f0bb7a1f2e6884eac452
196,085,腹部,腹股溝與陰囊,e15f73de032b7809eaad.jpg,inguinal lig.,睪丸動脈圖箭頭位於下腹至腹股溝走行段；接腹股溝韌帶、髂腹股溝神經、生殖股神經生殖支，再輸精管至副睪。,是,003,110,e15f73de032b7809eaad760d3dfb8cd939f1b0d63209b40c3fc58bd5ccd6d719
197,110,腹部,腹股溝與陰囊,5ecc50965cc2aa7bb68e.jpg,ilioinguinal n.,睪丸動脈圖箭頭位於下腹至腹股溝走行段；接腹股溝韌帶、髂腹股溝神經、生殖股神經生殖支，再輸精管至副睪。,是,085,008,5ecc50965cc2aa7bb68ea1ddac15a95ad292b146359c4d32474cf94b22875b67
198,008,腹部,腹股溝與陰囊,845b6b28a3da5f838258.jpg,genital br. of genitofemoral n.,睪丸動脈圖箭頭位於下腹至腹股溝走行段；接腹股溝韌帶、髂腹股溝神經、生殖股神經生殖支，再輸精管至副睪。,是,110,046,845b6b28a3da5f8382589e6547f0ecee086af81179d32150d10df3478b8788fa
199,046,腹部,腹股溝與陰囊,a7e1b229ba89697a9aad.jpg,ductus deferens,睪丸動脈圖箭頭位於下腹至腹股溝走行段；接腹股溝韌帶、髂腹股溝神經、生殖股神經生殖支，再輸精管至副睪。,是,008,005,a7e1b229ba89697a9aad1049f3f25ce6b8369a5e0a1c1550eb854fc56506742b
200,005,腹部,腹股溝與陰囊,a4772ab6eebbbd654e97.jpg,epididymis,睪丸動脈圖箭頭位於下腹至腹股溝走行段；接腹股溝韌帶、髂腹股溝神經、生殖股神經生殖支，再輸精管至副睪。,是,046,,a4772ab6eebbbd654e97d1dd2de774c7a40a1e5a74e8df5576a4bf58e60592fc
